name,url
VAPE IT STORE II,https://jportal.mdcourts.gov/license/pbLicenseDetail.jsp?owi=gsoqBtSzo%2Bk%3D
VAPE IT STORE I,https://jportal.mdcourts.gov/license/pbLicenseDetail.jsp?owi=kNwX1FHQ1GM%3D
VAPEPAD THE,https://jportal.mdcourts.gov/license/pbLicenseDetail.jsp?owi=RosfQ8b64%2BU%3D
VAPE FROG,
VAPE FROG,
VAPE LOFT THE,https://jportal.mdcourts.gov/license/pbLicenseDetail.jsp?owi=B4YT8nxDrZA%3D
VAPE N CIGAR,https://jportal.mdcourts.gov/license/pbLicenseDetail.jsp?owi=wFWzu2JXLJM%3D
VAPE DOJO,https://jportal.mdcourts.gov/license/pbLicenseDetail.jsp?owi=oR1Io1sebEw%3D
VAPE HAVEN,
VAPORS LOUNGE,
VAPORFI SOUTHSIDE,https://jportal.mdcourts.gov/license/pbLicenseDetail.jsp?owi=%2BU3MygXFkLU%3D
VAPE DO JO,https://jportal.mdcourts.gov/license/pbLicenseDetail.jsp?owi=ZlqlxTVVbWI%3D
VAPERTETMD,
VAPERTEKMD,https://jportal.mdcourts.gov/license/pbLicenseDetail.jsp?owi=YUk7P1E2roY%3D
VAPORIOT,
VAPE PLUS,https://jportal.mdcourts.gov/license/pbLicenseDetail.jsp?owi=T%2BuCgvFkDzE%3D
VAPE SOCIAL,https://jportal.mdcourts.gov/license/pbLicenseDetail.jsp?owi=dYCFb6efS8c%3D
VAPE JUNGLE,https://jportal.mdcourts.gov/license/pbLicenseDetail.jsp?owi=oAaEn2N4YSA%3D
VAPE TIME,
VAPEBAR EXPESS,
VAPEWERKS,https://jportal.mdcourts.gov/license/pbLicenseDetail.jsp?owi=j5MmtDdDApU%3D
VAPIST MD,https://jportal.mdcourts.gov/license/pbLicenseDetail.jsp?owi=i4DxJyS6fOk%3D
VAPOR 99,
VAPOR ALLEY,https://jportal.mdcourts.gov/license/pbLicenseDetail.jsp?owi=SlJ%2F%2FrWk7OQ%3D
VAPOR EMPORIUM,https://jportal.mdcourts.gov/license/pbLicenseDetail.jsp?owi=zzqOXXzezz4%3D
VAPOR VILLA,https://jportal.mdcourts.gov/license/pbLicenseDetail.jsp?owi=jRu5ndj3JuU%3D
VAPOR VILLA,https://jportal.mdcourts.gov/license/pbLicenseDetail.jsp?owi=4bO58X7dB28%3D
VAPORS LOUNGE,https://jportal.mdcourts.gov/license/pbLicenseDetail.jsp?owi=6R2JYHQIDK4%3D
VAPE DOJO,https://jportal.mdcourts.gov/license/pbLicenseDetail.jsp?owi=9To80%2B6ypkY%3D
VAPE DOJO,https://jportal.mdcourts.gov/license/pbLicenseDetail.jsp?owi=6kQafgwna98%3D
VAPE DOJO,https://jportal.mdcourts.gov/license/pbLicenseDetail.jsp?owi=qEQ53KUbNM4%3D
VAPE DOJO,https://jportal.mdcourts.gov/license/pbLicenseDetail.jsp?owi=rBLrn962b3M%3D
VAPEZ YARDHOUSE,
VAPERS RING,https://jportal.mdcourts.gov/license/pbLicenseDetail.jsp?owi=dPRNX2bq5UQ%3D
